Dataset,Method,Delta_median,Delta_mean,Delta_max,Delta_min,U_statistic,U_p_value,U_effect,KS_statistic,KS_p_value
Dataset 1,D1,0.188136,0.203672,0.167338,0.00768575,233609,7.33011e-94,0.799814,0.487517,1.33836e-85
Dataset 1,D2,0.0496456,0.0890309,0.226456,0.00471649,215960,2.27311e-103,0.814938,0.504971,3.54744e-92
Dataset 1,D3,0.256284,0.264199,0.0717211,0.0280405,171678,2.81106e-129,0.852884,0.549038,4.11433e-110
Dataset 1,D4/2,0.033191,0.0564779,0.304738,0.00181186,138146,7.55875e-151,0.881619,0.602041,2.16967e-134
Dataset 1,JSD,0.0266499,0.0334375,0.109225,0.0036193,142564,6.55637e-148,0.877833,0.591893,1.68777e-129
Dataset 1,BAT,0.0222305,0.0245396,0.060247,0.00484518,252924,5.46321e-84,0.783262,0.441803,1.0389e-69
Dataset 1,SpatialW1,0.0264616,0.0282405,0.0485539,0.00528742,177088,5.90456e-126,0.848248,0.551193,4.8581e-111
Dataset 1,Foreground shift,0.0137628,0.0206823,0.0770694,7.56053e-05,423922,7.0599e-21,0.63673,0.260354,7.11783e-24
Dataset 1,Background increase,0,0.0108824,0.0895024,0,491301,1.41277e-12,0.578991,0.145768,9.93655e-08
Dataset 1,H-RCAM,0.0288091,0.0408162,0.125268,0.00243896,122176,1.0325e-161,0.895304,0.623057,6.62557e-145
Dataset 2,D1,0.0807299,0.0852134,0.252627,0,579456,6.71557e-73,0.701235,0.292339,4.18369e-51
Dataset 2,D2,0.00887435,0.0119832,0.131698,0.000651416,665592,5.53148e-45,0.656824,0.243327,2.19301e-35
Dataset 2,D3,0.121668,0.132171,0.137923,0.00695489,464918,1.12826e-120,0.760291,0.390213,8.59217e-92
Dataset 2,D4/2,0.0214904,0.0334331,0.272136,0.000728654,399640,2.39086e-153,0.793948,0.439974,1.73225e-117
Dataset 2,JSD,0.0186081,0.021514,0.0677524,0.00200361,427416,5.81952e-139,0.779627,0.426845,2.29212e-110
Dataset 2,BAT,0.012341,0.0141183,0.0201846,-0.000461421,608038,7.11186e-63,0.686499,0.269342,2.37022e-43
Dataset 2,SpatialW1,0.0157426,0.0174318,0.0462987,0.000619908,490839,8.50652e-109,0.746926,0.363441,2.15472e-79
Dataset 2,Foreground shift,0.00832432,0.0107517,-0.0104274,-7.17814e-06,794068,4.332e-16,0.590583,0.144214,1.20467e-12
Dataset 2,Background increase,0,0.00457749,0.0893198,0,883790,3.15233e-08,0.544323,0.106766,4.01788e-07
Dataset 2,H-RCAM,0.019835,0.0260604,0.116654,0.00169557,375088,1.1632e-166,0.806607,0.474689,1.55264e-137
