Dataset,Method,AUROC,AP
Oxford-IIIT Pet,D1,0.799814,0.559617
Oxford-IIIT Pet,D2,0.814938,0.44526
Oxford-IIIT Pet,D3,0.852884,0.628105
Oxford-IIIT Pet,D4/2,0.881619,0.677664
Oxford-IIIT Pet,JSD,0.877833,0.635391
Oxford-IIIT Pet,BAT,0.783262,0.500707
Oxford-IIIT Pet,SpatialW1,0.848248,0.611934
Oxford-IIIT Pet,Foreground shift,0.63673,0.351383
Oxford-IIIT Pet,Background increase,0.578991,0.293229
Oxford-IIIT Pet,H-RCAM,0.895304,0.688773
CUB-200-2011,D1,0.701235,0.806131
CUB-200-2011,D2,0.656824,0.741084
CUB-200-2011,D3,0.760291,0.831066
CUB-200-2011,D4/2,0.793948,0.858557
CUB-200-2011,JSD,0.779627,0.849227
CUB-200-2011,BAT,0.686499,0.783532
CUB-200-2011,SpatialW1,0.746926,0.831231
CUB-200-2011,Foreground shift,0.590583,0.719113
CUB-200-2011,Background increase,0.544323,0.68805
CUB-200-2011,H-RCAM,0.806607,0.86842
