Dataset,Fusion_method,Delta_median,Delta_mean,Delta_max,Delta_min,AUROC,Rank
Dataset 1,JSD,0.0266499,0.0334375,0.109225,0.0036193,0.877833,7
Dataset 1,D4/2,0.033191,0.0564779,0.304738,0.00181186,0.881619,6
Dataset 1,"min(JSD,D4/2)",0.0243531,0.0331913,0.109225,0.00187404,0.892923,4
Dataset 1,"max(JSD,D4/2)",0.0353429,0.0567241,0.304738,0.00348542,0.884798,5
Dataset 1,Arithmetic,0.0295091,0.0449577,0.178059,0.00264864,0.893206,3
Dataset 1,Geometric,0.029537,0.042783,0.144341,0.00254356,0.894847,2
Dataset 1,H-RCAM,0.0288091,0.0408162,0.125268,0.00243896,0.895304,1
Dataset 2,JSD,0.0186081,0.021514,0.0677524,0.00200361,0.779627,7
Dataset 2,D4/2,0.0214904,0.0334331,0.272136,0.000728654,0.793948,5
Dataset 2,"min(JSD,D4/2)",0.0173185,0.0221008,0.0677524,0.000728654,0.806391,2
Dataset 2,"max(JSD,D4/2)",0.0236852,0.0328463,0.272136,0.00200361,0.783576,6
Dataset 2,Arithmetic,0.0205701,0.0274735,0.169944,0.0017348,0.798941,4
Dataset 2,Geometric,0.0200006,0.0267663,0.1416,0.00171509,0.804031,3
Dataset 2,H-RCAM,0.019835,0.0260604,0.116654,0.00169557,0.806607,1
